,Number,b3_1.pdb,Number,RCI,Residue,b3_2.pdb,b3_3.pdb,b3_4.pdb,b3_5.pdb,a5_1.pdb,a5_2.pdb,a5_3.pdb,a5_4.pdb,a5_5.pdb,d4_1.pdb,d4_2.pdb,d4_3.pdb,d4_4.pdb,d4_5.pdb,c2_1.pdb,c2_2.pdb,c2_3.pdb,c2_4.pdb,c2_5.pdb
0,1,45.90,1,0.255046903,K,46.57,43.93,46.31,47.26,28.84,28.09,24.95,26.37,28.65,43.38,46.37,44.78,46.62,45.32,38.9,32.0,26.9,29.64,42.87
1,2,46.07,2,0.214375357,P,48.2,47.86,50.64,49.28,31.78,28.36,26.76,26.18,32.07,45.88,47.58,46.72,46.96,47.51,43.36,27.63,27.61,30.41,37.56
2,3,47.99,3,0.174873112,T,51.52,47.13,49.45,48.84,35.19,28.79,27.94,31.67,27.95,46.34,48.49,47.26,46.63,46.75,30.67,28.69,29.31,31.62,35.97
3,4,47.57,4,0.139798948,E,51.11,51.48,48.18,49.46,38.34,32.85,32.58,33.95,34.9,49.33,51.1,50.83,50.33,49.09,39.5,31.19,32.07,33.2,39.0
4,5,50.38,5,0.155894804,N,50.72,47.21,50.76,51.46,36.23,34.19,34.84,36.99,33.25,48.1,46.88,46.53,45.32,45.69,32.22,28.16,30.1,32.21,33.91
5,6,49.80,6,0.143094344,N,51.75,49.63,50.94,51.7,42.83,40.6,40.99,40.95,38.53,46.16,51.71,49.61,49.62,47.87,33.24,34.37,33.42,36.27,35.28
6,7,52.38,7,0.103839357,E,52.23,53.24,52.64,51.73,50.38,48.58,49.5,49.97,47.29,52.74,49.22,51.45,51.22,49.91,37.71,32.26,34.33,37.35,40.0
7,8,55.23,8,0.053044951,D,56.58,53.48,55.35,54.51,59.13,57.02,55.41,58.12,54.49,53.8,55.81,54.56,56.16,53.36,48.23,40.27,38.7,41.07,40.84
8,9,57.07,9,0.02953643,F,55.95,57.44,55.52,54.76,65.7,64.55,66.22,61.68,60.11,54.73,54.58,52.38,58.38,54.75,41.94,40.84,42.72,43.39,47.51
9,10,65.88,10,0.028048975,N,62.87,63.38,61.61,61.61,75.7,74.65,75.11,69.48,70.22,57.23,62.07,57.39,66.47,63.3,51.19,47.81,46.92,50.11,52.69
10,11,64.47,11,0.025242462,I,63.95,63.33,63.12,64.31,78.0,77.85,79.35,74.86,74.94,64.04,68.56,64.25,70.69,70.81,63.16,58.96,56.41,59.72,59.7
11,12,65.21,12,0.020930958,V,63.38,64.27,63.89,62.86,74.26,74.6,76.73,71.0,71.38,65.51,71.2,65.84,72.54,72.0,67.69,59.55,58.69,59.54,60.15
12,13,66.10,13,0.017241856,A,63.95,64.9,62.45,63.73,77.37,77.06,78.91,74.4,73.52,66.04,71.39,67.21,71.85,71.19,66.05,60.56,59.62,59.71,62.49
13,14,66.54,14,0.016153007,V,63.62,64.03,62.82,64.18,79.34,80.85,81.25,77.84,75.05,64.72,71.18,67.19,72.14,71.46,65.81,61.26,60.99,59.59,63.76
14,15,64.70,15,0.018509645,A,61.26,60.9,62.26,63.25,77.07,77.63,78.0,75.08,75.06,65.0,70.97,66.32,71.29,70.89,71.61,66.25,65.2,64.19,68.8
15,16,66.20,16,0.023812312,S,61.96,64.28,63.38,61.15,75.14,74.84,75.55,71.49,73.35,66.04,69.79,66.17,70.47,69.78,68.43,63.4,61.25,61.25,61.66
16,17,63.87,17,0.032297202,N,61.69,63.57,60.44,60.97,73.29,73.67,76.4,72.13,71.44,64.61,67.52,64.9,69.81,67.73,64.02,60.62,58.77,57.24,61.23
17,18,60.06,18,0.044485515,F,56.04,58.77,55.24,56.11,70.1,70.69,71.44,67.83,67.91,59.74,64.06,60.46,64.36,64.84,64.44,61.78,59.8,58.09,65.45
18,19,61.30,19,0.061576977,A,56.65,55.96,56.03,57.53,61.59,62.44,62.03,60.51,59.56,61.19,65.76,62.44,66.83,66.38,62.2,58.6,55.81,53.13,57.35
19,20,54.42,20,0.072900486,T,54.1,55.45,52.71,54.39,51.06,53.44,51.04,51.99,48.53,59.98,62.84,60.51,62.33,63.22,61.28,55.16,51.75,50.7,54.42
20,21,53.39,21,0.085861577,T,50.37,51.46,53.99,52.24,48.57,51.22,49.17,50.04,46.3,60.07,62.66,57.86,63.03,61.7,58.48,50.19,48.44,47.11,50.65
21,22,50.87,22,0.076732393,D,54.18,53.64,52.25,54.16,44.63,50.78,47.13,47.66,44.49,55.46,59.99,53.67,60.08,59.62,49.16,48.43,45.69,43.32,50.76
22,23,49.15,23,0.074908603,L,48.25,47.5,53.48,47.9,44.13,50.52,47.03,48.01,41.44,55.64,57.41,51.77,57.97,57.65,46.48,43.76,42.31,38.08,44.73
23,24,52.96,24,0.054720308,D,51.69,52.99,53.67,51.52,42.17,50.22,46.27,47.46,38.01,53.24,55.04,53.59,55.25,56.21,46.04,43.03,42.48,38.36,42.95
24,25,53.47,25,0.05466183,A,49.73,50.88,53.72,50.25,39.22,48.69,45.23,46.76,36.15,56.0,54.7,51.2,55.49,55.01,44.7,39.49,40.9,36.85,43.2
25,26,57.35,26,0.05484418,D,53.3,53.82,56.22,54.01,36.37,48.56,43.7,45.91,38.8,57.48,56.54,54.39,58.24,57.8,47.81,40.87,38.42,34.99,42.37
26,27,52.76,27,0.099201785,R,50.66,51.34,51.26,52.13,40.17,48.38,44.81,41.95,40.08,55.97,54.48,52.61,56.19,55.89,48.14,44.11,41.88,38.27,41.21
27,28,49.77,28,0.149558778,G,47.35,48.0,48.35,47.11,36.99,43.47,39.66,37.68,41.63,53.29,55.3,51.58,54.79,54.03,42.45,38.37,39.85,36.78,39.98
28,29,54.68,29,0.197639912,K,53.92,54.28,54.89,54.47,43.77,42.98,41.27,41.72,44.39,57.45,59.09,56.15,58.79,60.49,46.33,42.15,43.58,38.24,43.52
29,30,51.63,30,0.218677473,L,49.61,50.33,48.94,49.85,49.01,43.82,41.91,40.91,50.66,55.22,56.74,52.3,55.49,56.13,48.88,43.56,43.65,41.95,45.3
30,31,54.77,31,0.209955367,P,53.32,54.16,54.29,56.02,43.25,42.1,43.41,43.94,45.47,57.81,61.26,57.68,61.24,61.25,42.27,37.14,37.41,33.17,37.54
31,32,54.21,32,0.183542495,G,51.46,53.17,52.46,53.82,47.47,46.57,46.22,41.04,48.59,59.03,59.52,56.51,59.52,59.55,46.33,42.73,42.2,39.18,44.93
32,33,59.70,33,0.138656429,K,57.69,58.99,59.16,60.1,51.69,50.39,52.52,48.78,53.16,65.3,64.96,63.28,65.47,65.76,53.03,46.32,47.18,44.92,49.44
33,34,64.15,34,0.108623971,K,62.07,62.32,63.66,63.91,64.67,64.18,64.26,61.79,64.58,64.32,66.48,65.12,64.99,66.81,62.08,55.32,55.75,53.52,60.07
34,35,72.92,35,0.078929937,L,71.42,72.06,73.85,73.14,73.7,73.71,72.97,70.75,74.2,74.86,76.1,74.9,77.02,77.65,70.51,66.28,66.13,63.04,68.17
35,36,77.51,36,0.053471166,P,77.01,76.85,78.75,77.46,80.62,80.96,79.27,75.68,78.8,79.85,80.88,79.26,81.54,81.51,77.99,75.93,75.1,74.14,76.86
36,37,79.64,37,0.028613464,L,78.09,79.85,80.14,77.56,82.31,81.76,80.75,80.26,80.69,80.69,80.96,80.38,81.42,82.06,77.73,75.37,75.06,73.04,80.79
37,38,80.46,38,0.016970746,E,80.15,81.65,82.54,79.81,86.23,86.04,84.84,83.13,83.21,82.67,83.52,82.88,83.24,82.89,84.63,81.05,81.61,80.91,82.8
38,39,82.25,39,0.014647762,V,80.63,82.57,83.24,82.01,82.2,83.34,81.95,82.29,81.55,82.89,84.6,83.29,83.78,83.66,80.04,79.06,77.75,78.64,81.48
39,40,79.48,40,0.014539389,L,78.67,80.59,80.08,78.24,80.95,81.49,81.86,80.43,80.79,80.5,81.96,81.39,82.08,81.61,75.5,74.55,74.39,72.97,78.22
40,41,80.31,41,0.016003074,K,79.46,79.74,80.58,79.24,86.25,85.84,84.99,83.6,83.55,80.93,82.26,81.68,82.78,82.37,80.9,81.82,82.06,81.79,81.07
41,42,81.73,42,0.016035777,E,80.24,82.55,81.87,80.71,85.88,85.3,84.55,84.2,84.84,82.23,84.16,82.55,83.27,83.18,84.65,83.04,81.55,81.55,80.83
42,43,77.28,43,0.015943354,M,76.1,76.08,77.92,76.03,85.02,84.51,84.8,83.76,83.63,78.37,79.32,78.5,79.69,79.36,80.36,82.67,82.1,81.68,81.17
43,44,78.03,44,0.015910856,E,76.69,77.18,79.31,75.73,85.21,84.63,84.54,83.4,82.88,78.16,80.46,79.56,79.95,80.71,79.21,79.27,78.27,78.16,80.65
44,45,80.61,45,0.017996532,A,80.04,80.46,82.05,79.62,87.41,87.08,86.29,85.37,85.86,81.7,83.14,81.66,83.5,82.96,84.8,83.77,82.51,83.29,82.52
45,46,80.49,46,0.020079724,N,79.28,79.88,81.73,79.83,86.88,86.29,85.8,84.17,85.17,80.97,82.75,80.5,82.08,82.29,82.31,83.82,82.38,82.68,81.68
46,47,79.81,47,0.022461531,A,78.92,78.58,79.49,78.73,88.66,89.17,87.54,87.81,87.23,80.41,81.79,79.88,82.05,80.86,83.75,83.55,83.55,82.98,81.43
47,48,82.44,48,0.024344758,R,81.35,81.54,82.19,81.42,88.91,88.25,88.07,86.34,86.53,82.8,84.9,82.32,84.63,84.05,84.43,83.73,84.28,84.0,83.33
48,49,81.77,49,0.02744469,K,80.77,81.32,82.26,80.04,89.9,88.68,88.58,87.75,86.73,81.77,83.08,80.5,84.95,83.55,86.46,86.82,86.8,86.34,83.03
49,50,82.38,50,0.027155948,A,80.2,81.0,81.78,80.33,87.04,87.37,86.34,85.28,86.34,81.86,83.8,81.44,84.34,83.61,85.43,82.4,83.19,84.23,82.89
50,51,81.77,51,0.026068365,G,79.24,80.22,80.16,78.34,91.06,90.51,88.63,88.31,88.63,81.02,81.23,79.37,82.95,82.19,89.33,86.99,86.62,87.18,87.1
51,52,79.81,52,0.022615967,C,77.67,78.54,78.74,78.35,92.99,91.84,92.73,91.31,91.34,79.61,79.89,79.13,81.31,79.75,88.14,87.88,87.39,88.53,86.18
52,53,81.35,53,0.022218558,T,81.33,80.79,81.13,79.22,92.34,91.55,92.24,91.16,90.6,81.26,81.7,81.27,81.92,82.51,88.8,85.6,85.54,85.31,87.09
53,54,80.94,54,0.021407861,R,79.49,79.32,81.02,79.64,88.17,87.59,88.17,87.08,85.77,81.12,80.91,81.51,81.56,81.85,81.13,80.15,80.26,80.84,80.92
54,55,80.32,55,0.021291751,G,78.9,79.01,79.8,77.97,86.67,86.26,86.46,86.97,84.53,80.05,80.78,80.56,80.94,80.9,81.4,77.64,78.3,78.86,80.7
55,56,80.85,56,0.019753088,C,79.67,79.85,81.6,80.75,92.21,91.47,92.26,90.61,89.7,81.38,81.51,80.44,81.54,81.03,86.57,85.76,86.05,85.81,84.12
56,57,79.09,57,0.016607294,L,77.57,76.26,78.75,77.75,89.88,87.37,89.63,88.37,87.87,79.06,79.6,79.52,79.3,79.35,85.08,81.95,83.15,82.21,83.38
57,58,80.81,58,0.014690958,I,80.4,79.89,81.18,79.72,87.91,86.7,88.4,85.11,84.32,81.07,81.92,80.81,81.47,81.98,79.64,75.72,75.72,74.38,79.4
58,59,80.43,59,0.015684228,C,79.25,78.72,79.82,79.03,87.57,85.98,87.73,87.43,84.63,80.54,80.49,78.39,80.13,80.08,81.19,77.53,78.27,80.63,80.3
59,60,80.08,60,0.024846648,L,77.71,78.45,79.41,78.07,87.57,85.04,87.36,85.14,84.1,79.61,80.15,80.03,79.59,79.8,79.74,77.85,78.61,78.12,77.94
60,61,76.23,61,0.034113298,S,74.33,73.66,75.56,73.98,84.2,82.28,85.34,81.95,80.51,73.99,74.74,74.68,75.44,75.76,75.47,71.61,71.25,71.79,72.43
61,62,77.10,62,0.039075495,H,77.3,76.95,78.38,75.89,83.98,82.34,85.3,82.71,80.8,79.17,78.98,77.14,79.04,79.07,74.52,72.81,71.72,71.7,72.51
62,63,78.57,63,0.032843057,I,77.88,77.84,78.83,77.29,84.3,83.75,85.53,83.72,81.35,79.62,80.52,78.19,79.54,79.11,76.8,75.42,76.75,75.71,81.01
63,64,80.64,64,0.027908539,K,80.03,79.57,81.88,79.35,83.2,81.32,84.59,82.17,79.51,79.85,82.52,80.57,82.74,81.58,70.04,71.45,74.37,72.24,73.14
64,65,77.38,65,0.023682727,C,76.14,76.26,77.59,73.92,83.12,81.85,84.89,81.9,80.52,77.0,79.02,76.76,77.08,77.25,75.8,74.18,75.82,74.55,72.94
65,66,83.39,66,0.026454291,T,82.01,83.4,83.17,81.55,83.39,83.13,86.18,83.94,81.52,82.47,83.52,81.97,83.39,83.57,77.46,73.36,77.55,74.81,74.57
66,67,79.20,67,0.024273085,P,78.47,79.6,79.09,76.82,82.77,82.26,85.96,81.39,78.92,80.24,81.02,77.76,81.31,81.07,74.89,72.47,75.58,73.45,72.67
67,68,81.17,68,0.023220584,K,79.15,79.9,80.08,77.23,82.9,81.99,85.25,82.08,79.54,81.08,81.46,79.78,80.86,81.6,75.89,72.27,75.51,74.54,74.87
68,69,78.00,69,0.019621335,M,76.81,79.06,78.6,74.16,79.55,79.5,83.07,78.78,77.98,76.81,80.06,76.09,78.05,79.18,74.53,72.03,74.32,74.22,76.06
69,70,78.60,70,0.01918688,K,77.98,78.22,78.36,75.79,77.88,75.88,78.66,74.86,74.76,77.79,80.5,77.71,79.53,80.38,72.75,68.31,71.73,70.21,72.01
70,71,77.56,71,0.019903946,K,76.92,78.07,77.95,76.03,76.65,75.08,76.75,73.36,71.86,77.34,79.05,76.09,79.49,79.54,68.49,65.68,71.17,67.26,68.52
71,72,75.86,72,0.021051777,F,73.92,76.82,76.03,72.5,70.32,70.1,72.74,69.56,67.04,74.16,76.33,73.28,76.22,76.5,63.13,62.34,63.6,63.91,67.23
72,73,75.94,73,0.024948775,I,74.08,77.17,74.65,74.23,67.47,65.41,66.01,62.91,61.66,74.09,76.11,71.95,75.53,75.98,63.83,56.46,57.45,57.55,59.25
73,74,71.43,74,0.029476252,P,69.79,73.48,70.43,70.33,60.86,58.99,59.66,56.58,48.79,70.32,72.81,69.68,72.39,73.99,45.33,44.09,45.14,44.05,50.63
74,75,67.56,75,0.029591239,G,63.66,68.32,65.21,63.57,59.17,55.89,58.79,54.44,52.95,66.33,66.75,63.56,68.34,66.72,44.85,46.97,47.6,46.56,49.81
75,76,65.91,76,0.025266595,R,63.47,67.86,62.36,64.75,62.08,60.42,61.51,60.63,59.45,66.2,66.41,63.56,65.39,68.23,48.72,49.9,50.11,49.45,52.02
76,77,68.62,77,0.020473291,C,63.1,67.26,61.08,64.5,68.83,62.22,65.94,65.2,61.96,65.47,68.6,65.65,65.96,67.57,53.34,53.43,53.18,53.56,52.42
77,78,63.37,78,0.034089444,H,60.68,64.89,59.71,61.39,61.43,57.06,60.89,58.31,58.3,63.62,64.62,60.66,63.63,66.18,46.77,45.57,44.55,45.0,46.8
78,79,63.52,79,0.081007936,T,61.17,64.42,61.24,62.76,56.33,53.96,59.59,57.26,55.95,61.55,66.15,57.87,64.03,65.76,37.72,39.56,37.88,37.97,36.29
79,80,60.68,80,0.166138838,Y,58.33,62.71,61.65,60.64,62.39,59.04,62.49,60.63,59.63,60.29,62.35,56.53,58.76,63.27,38.81,41.46,38.07,38.79,39.05
80,81,61.66,81,0.182905216,E,62.93,63.73,62.27,62.67,58.76,54.65,60.76,56.78,55.5,61.31,63.45,57.58,64.39,62.57,37.46,35.5,32.05,31.6,31.62
81,82,62.25,82,0.168141174,G,62.78,63.84,64.07,63.88,58.73,58.26,59.98,57.88,57.52,59.47,64.65,58.98,62.38,63.65,36.74,36.88,34.71,33.97,31.45
82,83,61.17,83,0.105512985,D,61.58,62.07,61.49,62.57,61.44,61.47,62.91,60.15,58.71,57.47,62.4,57.71,60.25,61.62,35.64,36.42,34.77,33.87,33.17
83,84,60.32,84,0.139767472,K,60.0,61.2,60.2,60.56,62.96,62.96,64.41,63.81,63.83,57.99,60.68,56.9,61.68,60.58,40.08,39.43,38.57,34.87,40.23
84,85,62.11,85,0.18342497,E,60.49,62.84,62.83,62.87,63.75,61.82,65.38,62.15,61.73,59.23,61.21,59.44,61.0,62.7,39.87,40.45,39.25,36.94,35.29
85,86,60.57,86,0.283874108,S,63.29,64.82,62.33,62.86,60.42,55.8,59.4,58.86,57.83,57.06,61.49,55.73,60.46,62.29,35.78,39.6,37.45,37.29,35.46
86,87,59.52,87,0.342368254,A,59.54,61.6,60.43,59.53,60.36,58.48,61.8,60.19,57.66,59.24,60.82,57.7,59.64,60.8,40.18,37.1,36.5,35.12,34.64
87,88,60.60,88,0.396100352,Q,60.58,60.08,59.77,60.2,63.49,61.58,63.87,62.71,61.07,56.4,59.45,54.92,58.78,59.41,37.48,40.1,40.54,39.23,38.67
88,89,62.07,89,0.411664379,G,61.29,59.53,61.31,59.55,60.66,59.08,61.82,61.24,59.46,58.18,62.54,58.34,60.18,59.96,34.54,35.84,36.02,35.5,35.37
89,90,62.87,90,0.429240367,G,62.99,63.61,65.32,61.05,61.06,60.84,62.65,60.26,59.86,59.16,63.75,60.37,61.3,64.54,42.09,38.75,37.36,38.88,37.06
90,91,62.52,91,0.441777396,I,62.27,63.56,64.11,61.22,62.32,62.23,64.33,62.0,61.27,57.7,60.82,58.22,60.97,61.21,46.03,45.99,45.62,45.57,47.94
91,92,62.88,92,0.417501553,G,61.49,62.27,63.44,59.99,60.71,60.72,63.77,59.85,60.5,59.15,60.47,58.61,58.17,61.97,43.21,43.97,45.73,47.11,47.56
92,93,67.88,93,0.34032403,E,66.16,67.17,66.8,62.8,65.8,64.78,70.4,66.1,65.15,62.69,66.3,61.98,65.79,67.8,49.47,48.73,52.83,51.88,49.29
93,94,72.98,94,0.238123171,A,70.96,73.11,71.79,69.72,73.16,69.76,76.59,70.42,67.7,66.9,71.64,65.62,73.18,73.94,56.9,51.84,57.98,54.88,55.34
94,95,77.43,95,0.150095636,I,73.42,75.91,74.38,70.49,76.22,76.25,83.23,75.44,72.77,71.32,75.1,69.21,75.81,76.41,62.05,58.72,67.47,61.59,62.89
95,96,77.35,96,0.101314092,V,74.52,76.73,74.58,72.44,72.92,70.88,81.53,74.95,69.67,71.37,74.41,71.83,76.63,75.71,58.46,57.44,64.88,61.0,63.15
96,97,77.85,97,0.074646097,D,75.34,76.03,75.19,73.38,72.87,72.84,81.29,74.27,72.54,73.52,76.76,73.39,77.47,77.1,61.7,61.35,65.22,60.41,65.02
97,98,81.15,98,0.05877424,I,78.49,78.83,79.56,76.08,82.94,82.62,87.62,84.38,77.87,79.26,81.14,77.59,81.18,80.58,72.45,70.6,73.43,68.0,74.53
98,99,79.92,99,0.05448621,P,77.25,78.28,78.13,74.73,78.95,77.93,83.44,78.31,76.09,76.36,78.24,77.14,80.15,79.04,70.72,68.24,72.83,66.64,70.34
99,100,80.04,100,0.056244135,A,77.66,78.41,79.03,75.55,81.99,82.86,85.85,82.54,80.33,77.49,79.54,77.29,80.52,80.0,77.11,73.54,77.54,72.91,72.99
100,101,80.84,101,0.058621745,I,79.8,80.63,79.46,77.8,85.64,83.85,89.73,87.01,81.68,78.31,80.88,79.39,82.73,81.7,76.53,72.81,77.54,74.53,72.67
101,102,82.03,102,0.049453082,P,81.1,81.68,82.94,79.09,86.41,85.6,89.12,87.04,83.26,80.42,83.56,80.88,84.39,83.67,79.92,76.23,79.61,75.49,77.39
102,103,83.07,103,0.034485597,R,82.28,82.66,84.38,81.41,88.35,88.42,91.53,88.89,87.5,82.38,84.48,83.11,85.18,84.58,85.28,80.84,84.9,79.14,75.63
103,104,79.88,104,0.020650315,F,79.89,81.04,80.6,77.04,88.29,87.39,90.74,89.19,86.9,79.81,80.34,79.16,80.83,81.14,82.48,79.38,84.23,77.94,77.12
104,105,82.25,105,0.022935812,K,81.31,81.61,82.12,79.66,86.87,87.1,90.13,88.7,85.79,82.54,82.92,81.88,85.0,84.31,80.06,77.86,82.87,77.45,77.85
105,106,81.03,106,0.031904279,D,80.7,82.17,81.56,79.19,90.71,91.05,93.17,91.71,89.39,81.67,84.17,81.96,84.18,84.17,86.84,85.03,87.75,85.23,88.18
106,107,83.67,107,0.038372176,L,82.36,83.98,84.22,81.5,90.17,90.25,91.89,89.58,89.28,84.48,86.02,82.76,86.53,85.02,85.97,84.1,86.08,85.11,83.28
107,108,83.91,108,0.036820404,E,81.46,83.51,81.83,82.04,88.22,88.13,89.73,87.12,86.02,83.08,84.62,82.17,85.06,84.48,80.79,81.95,83.08,81.49,82.52
108,109,82.34,109,0.028294762,P,81.69,83.31,82.02,80.64,83.81,83.49,85.73,83.74,81.22,81.55,83.29,81.05,83.09,83.18,78.94,76.7,79.14,78.26,77.75
109,110,78.94,110,0.021298264,M,78.11,80.25,78.59,77.38,82.39,81.74,83.63,80.08,79.74,79.59,81.44,77.96,80.98,81.3,75.04,76.13,76.97,74.85,78.22
110,111,82.61,111,0.016857605,E,82.18,83.49,82.27,81.34,86.22,86.17,87.08,84.26,83.57,81.86,83.27,82.53,82.86,82.93,78.47,79.7,81.74,80.22,79.78
111,112,83.35,112,0.015908054,Q,82.51,82.71,82.68,81.84,87.33,87.91,88.11,87.28,84.92,83.3,84.05,82.07,84.16,83.32,81.99,79.9,81.97,80.59,81.37
112,113,76.97,113,0.01690011,F,76.73,77.48,77.41,75.09,81.3,80.15,82.98,80.59,79.66,77.94,79.28,77.46,78.44,78.4,73.64,75.63,75.07,72.93,73.21
113,114,81.99,114,0.017094134,I,81.01,80.35,81.15,79.99,85.99,85.28,86.8,84.36,84.05,82.02,83.0,80.99,82.97,82.88,76.35,80.26,80.88,79.72,82.0
114,115,83.22,115,0.015453112,A,82.14,82.83,83.05,80.55,85.73,85.46,87.37,84.08,82.93,82.97,83.61,81.29,83.81,83.72,81.06,80.35,81.76,80.56,80.74
115,116,81.07,116,0.012853942,Q,81.44,81.2,82.32,80.09,87.81,87.23,88.92,86.85,85.55,81.74,82.28,81.17,82.83,82.39,81.67,80.33,82.33,80.1,80.51
116,117,83.18,117,0.012576453,V,81.18,81.87,82.14,80.17,87.72,86.66,87.22,85.09,84.85,82.29,83.42,82.08,82.32,82.29,78.56,79.5,82.28,80.71,78.57
117,118,82.21,118,0.013393789,D,82.04,82.01,81.95,80.51,87.06,86.83,88.2,86.54,85.69,79.7,82.98,81.75,82.96,82.69,80.12,80.87,81.73,80.74,80.45
118,119,81.37,119,0.016167516,L,80.16,80.47,79.94,78.73,89.25,89.31,89.14,88.78,86.71,80.66,81.99,80.19,80.84,82.53,84.05,82.13,83.98,82.78,82.59
119,120,81.18,120,0.016801006,C,79.92,80.3,80.15,78.55,89.88,88.72,89.89,88.9,86.76,79.91,81.09,80.82,81.42,81.83,82.59,82.11,84.62,85.2,83.17
120,121,78.67,121,0.019213481,V,78.14,79.53,79.62,77.59,89.01,87.75,89.31,87.61,86.93,77.39,80.6,78.53,80.12,80.7,85.0,84.44,85.86,83.17,82.37
121,122,78.77,122,0.019361921,D,78.25,79.52,79.1,78.36,89.45,88.05,88.77,88.09,87.64,79.53,80.68,79.33,79.61,80.46,85.16,83.63,85.4,83.65,81.68
122,123,79.10,123,0.01941935,C,78.26,79.47,79.3,77.13,92.34,91.34,91.98,90.74,89.62,79.34,81.51,79.49,80.1,80.95,88.78,86.51,87.42,87.59,85.0
123,124,80.98,124,0.019949069,T,79.97,82.1,82.05,79.47,90.54,89.41,91.63,90.28,89.26,80.09,82.39,80.67,81.98,83.5,87.03,85.9,86.82,85.67,86.86
124,125,81.78,125,0.020809589,T,80.76,82.12,83.5,81.1,87.84,85.66,87.66,84.98,85.08,81.8,84.33,80.6,82.0,83.41,83.3,82.33,82.53,82.94,82.03
125,126,80.92,126,0.021801961,G,79.97,80.69,80.63,78.91,85.5,83.74,85.59,83.87,84.62,80.01,82.77,79.43,82.56,82.3,82.37,81.06,81.42,80.09,78.16
126,127,80.56,127,0.020086401,C,79.04,80.69,80.74,79.92,91.33,89.49,91.21,88.42,89.47,80.17,82.25,80.21,82.43,82.55,87.64,85.91,86.69,86.36,85.7
127,128,78.52,128,0.019033385,L,76.51,79.36,79.25,76.91,87.75,85.58,87.31,84.6,85.05,78.06,81.06,78.07,81.04,80.43,81.59,81.76,81.96,82.31,80.83
128,129,82.01,129,0.024480292,K,79.4,82.52,82.45,80.41,83.8,83.16,84.21,81.24,82.89,81.16,85.02,81.04,84.14,84.62,80.23,78.14,78.1,78.63,77.42
129,130,79.66,130,0.035602732,G,76.57,80.46,80.23,77.04,83.75,82.64,82.76,81.8,82.39,79.13,82.47,78.43,81.13,82.19,80.46,78.03,78.88,79.06,76.95
130,131,76.37,131,0.048583679,L,74.48,76.85,75.04,75.35,84.17,83.11,83.62,82.3,82.65,76.44,79.3,77.26,78.96,79.02,80.01,78.36,79.01,79.78,77.51
131,132,74.59,132,0.05768647,A,72.58,74.42,75.28,72.29,76.83,75.74,76.99,73.91,74.54,75.11,79.43,74.87,79.05,79.3,72.03,71.83,70.63,72.85,71.07
132,133,78.71,133,0.059531407,N,78.39,78.9,80.18,78.02,72.97,72.03,69.91,69.71,73.69,80.2,83.09,78.47,81.9,81.3,71.61,71.57,71.72,71.79,69.29
133,134,75.45,134,0.052975132,V,72.76,74.01,76.51,73.92,66.29,67.51,64.86,67.32,68.93,75.17,79.23,75.68,76.95,78.92,71.57,71.22,71.47,70.57,66.89
134,135,76.56,135,0.042957034,Q,75.08,75.32,78.07,75.32,68.74,69.94,66.19,67.55,69.35,76.71,79.64,75.63,78.58,78.15,71.57,71.4,71.09,69.83,65.61
135,136,78.05,136,0.030480934,C,75.86,76.25,78.34,75.35,78.47,78.29,77.67,75.67,76.42,78.97,79.95,77.89,79.9,81.18,76.36,76.63,76.06,75.72,75.82
136,137,82.60,137,0.025155816,S,81.54,80.97,82.71,81.85,84.21,84.22,83.21,82.74,82.94,83.56,85.49,84.04,84.76,84.79,81.71,82.12,81.03,81.35,81.1
137,138,79.90,138,0.02075407,D,79.08,79.59,81.75,79.45,85.24,86.04,84.19,85.07,84.54,81.68,83.78,81.77,83.54,82.17,84.94,82.69,84.0,83.04,83.94
138,139,81.58,139,0.023866234,L,79.27,81.22,81.56,81.68,85.42,86.87,84.06,84.25,85.34,82.49,84.34,83.23,83.62,84.14,82.38,84.48,84.69,83.86,81.52
139,140,80.90,140,0.024397955,L,79.44,80.42,81.57,79.33,82.77,84.05,82.95,82.87,84.04,81.38,83.55,81.89,83.41,83.14,82.61,81.9,82.46,82.15,80.5
140,141,81.51,141,0.025717211,K,80.85,81.51,82.78,81.89,83.11,83.6,82.57,81.63,82.5,82.32,85.04,82.45,84.32,84.93,80.55,82.5,81.92,81.9,81.69
141,142,80.93,142,0.024104578,K,79.9,80.76,81.26,81.11,83.81,84.43,83.22,83.1,84.23,81.67,84.13,79.83,83.29,82.86,84.54,83.27,82.89,83.28,83.6
142,143,81.55,143,0.024058148,W,79.43,80.65,80.87,80.51,79.34,81.15,79.36,77.2,79.5,82.93,84.0,81.87,82.99,82.38,80.83,77.19,76.42,76.82,82.25
143,144,79.15,144,0.02412513,L,77.42,78.81,79.58,77.98,77.17,78.05,77.8,75.81,76.55,79.63,81.6,79.48,82.39,81.9,71.67,73.35,72.88,73.72,73.32
144,145,78.81,145,0.028659378,P,77.57,79.09,80.05,78.56,75.17,75.49,75.72,71.77,73.53,79.21,82.26,80.55,80.73,82.26,73.8,72.51,70.0,70.42,74.97
145,146,75.21,146,0.030353884,Q,73.69,75.56,76.4,74.94,69.82,69.45,68.77,65.68,67.13,75.1,78.49,75.96,77.71,78.13,63.84,61.92,61.92,62.18,63.85
146,147,73.78,147,0.035044688,R,71.05,72.28,74.36,71.35,69.69,70.69,69.63,67.34,68.55,72.91,74.79,72.38,75.13,74.88,67.38,66.22,65.19,66.86,66.34
147,148,72.89,148,0.037165368,C,71.77,73.77,74.89,71.66,74.29,74.15,74.13,70.11,70.76,73.53,77.06,73.39,75.69,76.28,70.01,70.8,68.12,71.75,71.11
148,149,73.86,149,0.093124526,A,72.18,73.12,74.83,71.8,65.69,65.88,65.3,60.85,63.32,74.38,76.9,71.97,76.4,77.88,64.46,59.67,55.89,57.16,62.15
149,150,73.81,150,0.177025117,T,70.12,73.8,74.01,71.05,56.83,57.19,59.78,53.44,56.13,72.87,76.14,71.55,76.03,76.34,55.49,51.87,47.94,51.11,52.49
150,151,64.67,151,0.261736143,F,59.42,68.09,63.22,62.83,54.0,52.31,55.29,47.29,52.81,61.84,68.17,59.9,67.21,70.75,53.93,48.21,46.69,48.28,50.13
151,152,67.21,152,0.291812267,A,61.5,68.25,66.87,65.18,46.48,48.18,48.56,46.05,46.9,66.98,71.47,63.89,69.3,74.48,46.88,42.94,41.92,41.55,48.57
152,153,68.09,153,0.319633615,S,61.74,69.12,68.01,65.29,46.99,48.17,48.96,44.37,47.9,66.63,72.68,65.44,69.45,73.7,47.91,40.68,38.69,41.42,49.41
153,154,70.50,154,0.342135905,K,64.43,72.62,69.73,69.02,48.37,47.85,46.27,44.91,46.33,66.69,75.72,68.17,74.7,75.47,47.52,42.43,43.58,42.55,53.62
154,155,66.26,155,0.394527268,I,60.38,66.29,66.53,61.31,50.76,52.39,51.35,50.07,49.64,61.62,72.11,62.73,69.6,72.64,55.5,47.96,47.97,47.28,54.2
155,156,69.03,156,0.418121304,Q,62.77,71.32,70.53,62.48,52.55,54.68,53.09,51.69,51.37,63.91,74.56,69.02,74.19,74.23,54.84,48.55,49.42,47.77,55.65
156,157,69.61,157,0.444444444,G,63.99,70.62,69.77,64.77,48.59,52.64,48.94,49.61,48.82,64.07,73.9,67.56,72.35,73.73,51.77,45.17,46.45,42.31,47.5
157,158,73.10,158,0.34464061,Q,69.24,74.84,73.04,70.15,56.33,56.47,55.19,53.3,53.19,68.35,78.19,71.84,78.16,78.98,57.74,49.28,51.62,48.48,48.5
158,159,74.26,159,0.237221154,V,68.04,74.92,74.48,69.39,55.23,57.1,57.16,54.82,54.26,65.74,78.63,70.89,77.62,78.93,60.56,53.02,54.94,51.01,58.24
159,160,70.49,160,0.132094686,D,63.31,71.97,71.92,65.92,56.97,60.09,59.51,54.96,56.37,62.0,76.87,67.61,74.67,76.57,55.41,54.16,55.01,48.26,52.07
160,161,73.39,161,0.213478343,K,66.64,74.65,73.68,68.69,59.69,63.53,61.37,57.38,59.47,63.87,77.87,69.05,76.41,79.48,57.76,55.32,59.0,48.24,56.89
161,162,71.33,162,0.31963635,I,58.51,70.91,71.71,66.21,60.31,63.55,62.42,56.39,59.83,57.62,76.62,63.33,74.11,77.97,60.3,51.34,59.88,47.71,55.43
162,163,72.58,163,0.417554805,K,59.37,72.3,72.36,69.28,65.11,66.32,69.85,62.96,63.7,52.35,79.07,62.74,73.55,79.14,61.58,50.65,63.63,45.6,53.67
163,164,72.82,164,0.445889861,G,55.86,73.9,73.8,69.54,58.66,58.25,62.66,52.27,56.7,51.36,76.52,57.12,73.44,78.57,47.11,43.2,59.2,40.86,50.49
164,165,69.79,165,0.472800006,A,52.67,70.37,73.44,67.3,63.31,64.31,69.31,60.13,61.64,51.92,75.4,55.71,71.94,78.49,52.33,48.66,63.2,42.94,49.48
165,166,65.02,166,0.509637649,G,51.06,65.55,68.14,61.88,55.92,54.32,62.56,54.41,51.48,50.31,69.08,51.21,66.02,75.43,45.74,42.5,53.13,34.29,46.44
166,167,64.29,167,0.5293524,G,48.53,63.03,66.26,62.18,45.29,48.38,52.27,46.9,46.04,49.39,67.36,50.86,63.82,70.2,51.34,41.48,45.24,38.27,45.01
167,168,51.79,168,0.533333333,D,48.4,51.57,53.6,51.64,45.4,47.16,53.75,46.67,45.51,44.65,57.14,46.38,55.68,62.42,42.04,36.63,43.6,30.72,38.67
