Number,RCI,Residue,hetNOE
1,0.255046903,K,-0.630541
2,0.214375357,P,
3,0.174873112,T,-0.157088
4,0.139798948,E,0.0678012
5,0.155894804,N,
6,0.143094344,N,
7,0.103839357,E,
8,0.053044951,D,
9,0.02953643,F,
10,0.028048975,N,
11,0.025242462,I,
12,0.020930958,V,0.784684
13,0.017241856,A,0.891787
14,0.016153007,V,0.736875
15,0.018509645,A,
16,0.023812312,S,0.788903
17,0.032297202,N,0.74469
18,0.044485515,F,0.935887
19,0.061576977,A,0.736801
20,0.072900486,T,0.778407
21,0.085861577,T,0.551096
22,0.076732393,D,0.590903
23,0.074908603,L,
24,0.054720308,D,0.637941
25,0.05466183,A,0.578589
26,0.05484418,D,0.597851
27,0.099201785,R,
28,0.149558778,G,0.70833
29,0.197639912,K,0.610418
30,0.218677473,L,
31,0.209955367,P,
32,0.183542495,G,0
33,0.138656429,K,0.403753
34,0.108623971,K,
35,0.078929937,L,0.547263
36,0.053471166,P,
37,0.028613464,L,0.785857
38,0.016970746,E,0.860999
39,0.014647762,V,0.783133
40,0.014539389,L,
41,0.016003074,K,0.846666
42,0.016035777,E,0.802518
43,0.015943354,M,
44,0.015910856,E,0.759418
45,0.017996532,A,
46,0.020079724,N,0.77448
47,0.022461531,A,0.803626
48,0.024344758,R,0.667937
49,0.02744469,K,0.905514
50,0.027155948,A,0.862027
51,0.026068365,G,0.80804
52,0.022615967,C,0.89678
53,0.022218558,T,
54,0.021407861,R,0.835724
55,0.021291751,G,0.850863
56,0.019753088,C,0.829793
57,0.016607294,L,0.844671
58,0.014690958,I,
59,0.015684228,C,0.989497
60,0.024846648,L,0.823011
61,0.034113298,S,0.827172
62,0.039075495,H,
63,0.032843057,I,0.757056
64,0.027908539,K,0.83075
65,0.023682727,C,0.643768
66,0.026454291,T,0.79685
67,0.024273085,P,
68,0.023220584,K,0.777502
69,0.019621335,M,0.845992
70,0.01918688,K,0.821553
71,0.019903946,K,0.828086
72,0.021051777,F,0.945995
73,0.024948775,I,0.881167
74,0.029476252,P,
75,0.029591239,G,0.938257
76,0.025266595,R,0.824625
77,0.020473291,C,
78,0.034089444,H,
79,0.081007936,T,0.740072
80,0.166138838,Y,0.619845
81,0.182905216,E,0.587614
82,0.168141174,G,0.497378
83,0.105512985,D,
84,0.139767472,K,
85,0.18342497,E,0.315785
86,0.283874108,S,0.35895
87,0.342368254,A,
88,0.396100352,Q,
89,0.411664379,G,0.12592
90,0.429240367,G,
91,0.441777396,I,0.158635
92,0.417501553,G,0.211571
93,0.34032403,E,0.219723
94,0.238123171,A,
95,0.150095636,I,
96,0.101314092,V,0.426575
97,0.074646097,D,0.610452
98,0.05877424,I,0.703688
99,0.05448621,P,
100,0.056244135,A,0.810566
101,0.058621745,I,0.746464
102,0.049453082,P,
103,0.034485597,R,0.762875
104,0.020650315,F,0.833006
105,0.022935812,K,0.813435
106,0.031904279,D,0.86421
107,0.038372176,L,0.858164
108,0.036820404,E,0.799139
109,0.028294762,P,
110,0.021298264,M,0.757955
111,0.016857605,E,0.884251
112,0.015908054,Q,0.892949
113,0.01690011,F,0.808609
114,0.017094134,I,0.797579
115,0.015453112,A,
116,0.012853942,Q,0.822551
117,0.012576453,V,0.840057
118,0.013393789,D,
119,0.016167516,L,0.817099
120,0.016801006,C,
121,0.019213481,V,0.734207
122,0.019361921,D,0.842206
123,0.01941935,C,0.850186
124,0.019949069,T,
125,0.020809589,T,0.806194
126,0.021801961,G,0.753642
127,0.020086401,C,0.951128
128,0.019033385,L,
129,0.024480292,K,0.82291
130,0.035602732,G,0.848419
131,0.048583679,L,
132,0.05768647,A,0.554529
133,0.059531407,N,0.862116
134,0.052975132,V,0.564257
135,0.042957034,Q,
136,0.030480934,C,
137,0.025155816,S,
138,0.02075407,D,0.905853
139,0.023866234,L,0.661032
140,0.024397955,L,0.700832
141,0.025717211,K,
142,0.024104578,K,0.645715
143,0.024058148,W,0.802552
144,0.02412513,L,0.710758
145,0.028659378,P,
146,0.030353884,Q,
147,0.035044688,R,
148,0.037165368,C,0.651039
149,0.093124526,A,0.636004
150,0.177025117,T,0.490328
151,0.261736143,F,
152,0.291812267,A,0.409604
153,0.319633615,S,0.267234
154,0.342135905,K,0.278096
155,0.394527268,I,
156,0.418121304,Q,0.0768069
157,0.444444444,G,
158,0.34464061,Q,
159,0.237221154,V,0
160,0.132094686,D,0.032617
161,0.213478343,K,0.0864654
162,0.31963635,I,
163,0.417554805,K,0
164,0.445889861,G,
165,0.472800006,A,0.0872635
166,0.509637649,G,-0.351793
167,0.5293524,G,
168,0.533333333,D,-0.199856