,Number,b2_1.pdb,Number,Residue,RCI1,b2_2.pdb,b2_3.pdb,b2_4.pdb,b2_5.pdb,d3_1.pdb,d3_2.pdb,d3_3.pdb,d3_4.pdb,d3_5.pdb,a1_1.pdb,a1_2.pdb,a1_3.pdb,a1_4.pdb,a1_5.pdb,c4_1.pdb,c4_2.pdb,c4_3.pdb,c4_4.pdb,c4_5.pdb
0,1,82.46,1,SER,0.074553539,78.89,82.17,75.09,78.17,79.95,82.9,84.34,84.68,77.41,75.85,78.53,85.01,77.37,84.92,69.55,67.26,70.36,72.12,69.51
1,2,84.32,2,LYS,0.05904013,85.27,85.7,80.96,84.59,83.67,84.85,88.18,81.01,81.91,78.05,81.83,86.5,81.01,85.24,68.6,73.37,73.9,78.21,73.86
2,3,86.44,3,TYR,0.033106242,87.44,87.52,83.89,85.86,84.08,81.47,88.08,82.02,80.79,82.23,83.74,88.0,82.79,87.35,69.53,68.77,75.15,78.7,76.85
3,4,90.42,4,ALA,0.023931827,88.31,88.54,86.01,86.9,85.88,87.68,89.62,86.66,85.34,88.93,89.2,91.83,89.08,91.59,75.53,75.01,78.8,83.74,81.1
4,5,93.32,5,GLU,0.021391404,92.59,93.41,91.32,92.35,89.03,89.48,92.29,88.11,88.04,89.25,90.49,92.54,89.96,92.87,74.19,73.91,81.0,86.46,82.01
5,6,94.39,6,LEU,0.021967532,94.7,94.04,93.8,94.78,89.39,88.8,92.12,89.89,87.42,90.95,90.75,93.67,91.24,91.18,78.54,77.43,81.86,88.27,83.76
6,7,93.64,7,LEU,0.023373046,94.11,93.32,92.47,93.2,86.81,84.85,90.19,83.72,86.75,94.36,93.94,95.65,93.95,95.0,81.9,78.98,81.9,85.92,82.17
7,8,95.64,8,ALA,0.02382393,95.69,95.4,94.59,94.66,89.01,89.39,93.36,91.08,86.22,94.42,94.42,95.51,93.76,94.58,79.65,77.95,83.45,88.36,82.62
8,9,96.13,9,ILE,0.022271493,96.81,96.51,95.59,96.38,89.59,91.18,93.14,89.21,88.03,95.48,95.8,96.53,95.56,96.14,78.51,79.84,81.97,88.04,82.35
9,10,95.48,10,ILE,0.018988209,96.19,95.31,94.7,95.4,89.73,89.44,92.87,89.06,87.3,95.72,95.64,96.83,95.82,95.65,78.61,77.85,84.47,88.72,84.41
10,11,95.02,11,GLU,0.018709035,94.74,94.37,93.54,94.41,85.69,83.79,91.82,85.31,85.29,95.11,95.34,96.33,94.11,95.49,79.48,76.86,82.33,85.57,81.71
11,12,96.50,12,GLU,0.02071753,96.65,95.91,95.64,96.29,86.44,88.61,93.54,88.61,84.14,95.97,95.84,96.35,95.73,95.74,75.29,75.61,80.27,84.37,80.5
12,13,97.52,13,LEU,0.025738017,97.43,96.82,96.91,97.29,89.3,88.33,92.56,91.6,82.87,96.46,96.25,97.0,96.31,96.4,77.2,76.9,81.93,83.62,81.35
13,14,96.71,14,GLY,0.027490627,96.64,95.77,95.8,96.18,84.88,86.3,90.41,83.86,81.78,97.44,96.62,96.54,96.61,97.12,76.32,76.48,77.83,82.07,77.47
14,15,97.41,15,LYS,0.024542248,96.9,96.52,96.42,96.97,86.66,87.31,93.35,87.84,78.28,95.28,95.78,95.23,94.48,94.36,75.7,75.1,74.12,79.6,75.38
15,16,97.79,16,GLU,0.017118595,97.7,96.25,97.23,97.6,85.05,86.72,92.85,88.08,72.84,96.21,96.27,96.43,96.3,95.96,72.41,74.64,71.8,73.62,72.47
16,17,98.00,17,ILE,0.012012831,98.22,97.21,97.88,97.74,86.37,83.08,88.93,81.79,71.15,97.29,96.8,96.62,96.75,97.14,67.44,69.53,69.42,71.12,69.72
17,18,97.61,18,ARG,0.010184072,97.81,97.27,97.44,97.48,85.71,83.63,89.38,84.42,67.53,96.16,96.38,95.95,96.5,94.8,73.14,73.98,66.47,68.74,67.5
18,19,98.12,19,PRO,0.013066292,98.2,97.53,98.01,98.17,85.39,86.74,89.99,82.79,61.63,96.24,97.15,96.54,96.46,96.86,64.14,66.61,58.24,59.54,58.0
19,20,98.34,20,THR,0.016176816,98.42,97.71,98.2,98.26,80.36,84.81,89.62,83.4,66.0,96.47,96.73,96.85,96.92,96.81,60.68,64.17,57.26,56.85,55.91
20,21,97.49,21,TYR,0.034226277,98.11,97.56,97.72,97.9,79.79,76.77,81.4,78.89,65.56,96.68,96.66,96.77,96.6,96.62,61.69,64.37,56.91,57.32,57.24
21,22,97.94,22,ALA,0.046083121,98.18,97.22,97.75,97.98,85.58,85.51,87.22,86.17,67.39,95.47,95.8,95.57,95.3,94.84,59.68,65.27,60.43,60.2,59.91
22,23,96.31,23,GLY,0.049247169,97.14,95.94,96.4,96.85,80.0,81.74,84.11,80.24,62.39,95.4,96.34,95.82,96.18,94.04,63.83,65.59,58.38,61.25,60.43
23,24,97.94,24,SER,0.034986881,98.04,97.47,97.75,97.83,87.38,88.68,93.29,88.18,77.21,96.21,96.49,96.7,96.74,95.67,70.66,70.99,71.3,71.87,71.59
24,25,97.48,25,LYS,0.023682049,98.02,97.41,97.73,97.94,86.76,87.79,87.43,84.82,79.66,95.23,95.91,95.49,95.42,94.88,74.17,76.89,75.11,75.62,76.38
25,26,98.09,26,SER,0.020636977,98.46,97.96,98.02,98.18,90.06,91.67,91.55,89.67,84.53,97.05,96.88,97.27,96.4,96.07,83.06,82.21,77.76,78.56,76.95
26,27,97.93,27,ALA,0.019503507,97.99,97.04,97.61,97.81,88.56,89.79,92.28,89.62,86.75,97.46,97.29,97.2,96.99,97.17,83.15,85.33,74.98,75.75,74.64
27,28,97.76,28,MET,0.017915096,97.93,97.62,97.51,97.87,84.1,87.59,89.22,86.12,84.0,96.75,96.89,96.68,96.55,95.85,77.19,78.67,77.42,78.77,76.76
28,29,97.59,29,GLU,0.016911158,97.84,97.24,97.1,97.51,85.38,89.11,91.11,86.67,86.02,97.25,97.28,97.27,97.4,96.84,80.91,82.22,78.49,81.15,79.12
29,30,97.74,30,ARG,0.01638766,97.03,96.97,96.74,96.87,89.79,92.34,91.71,89.54,88.85,96.87,96.67,96.85,96.7,97.16,84.45,82.24,78.86,81.54,79.49
30,31,97.49,31,LEU,0.017120529,97.25,96.69,96.92,96.67,87.67,89.59,90.81,86.75,87.06,96.92,96.99,96.62,96.84,96.49,82.39,80.47,78.24,80.22,78.04
31,32,97.34,32,LYS,0.017339649,97.5,96.75,96.68,97.05,87.94,89.42,92.13,88.13,90.02,96.77,96.69,96.33,96.48,96.6,81.35,82.91,81.58,83.12,81.0
32,33,97.56,33,ARG,0.018237024,97.14,96.38,96.59,97.11,90.33,93.23,92.32,90.58,91.44,97.33,97.3,97.07,96.82,96.66,84.55,85.26,85.33,87.28,84.72
33,34,97.44,34,GLY,0.018249171,97.26,96.53,96.56,97.22,92.76,92.31,93.82,90.46,92.33,97.77,97.64,97.55,97.61,97.62,88.8,88.43,83.84,86.59,83.6
34,35,97.41,35,ILE,0.018190231,97.42,97.15,97.02,97.55,93.18,91.86,92.73,87.75,92.5,97.02,97.29,97.09,96.87,96.75,85.93,84.9,87.32,88.5,85.78
35,36,97.02,36,ILE,0.017698962,96.82,96.52,96.23,96.7,92.11,91.23,91.79,88.62,93.42,96.12,96.24,97.17,95.79,95.65,83.9,84.18,85.54,89.63,87.17
36,37,97.12,37,HIS,0.01776573,96.63,96.59,96.14,96.63,93.33,93.27,93.76,91.19,93.1,97.04,96.52,97.84,96.54,97.44,88.35,86.92,88.83,90.82,86.68
37,38,96.12,38,ALA,0.017121783,96.65,96.36,95.87,96.57,93.25,91.66,94.15,89.4,92.58,95.91,95.96,96.98,95.64,96.44,86.81,86.55,88.18,91.11,88.49
38,39,95.87,39,ARG,0.017947375,95.46,95.7,94.7,95.83,87.38,88.98,91.76,86.81,92.62,95.55,95.48,96.81,95.55,95.04,85.3,85.4,85.77,89.91,85.61
39,40,95.03,40,GLY,0.018527575,94.78,94.64,94.33,94.74,93.36,92.39,93.34,90.79,92.67,94.75,94.58,96.57,94.89,95.57,85.35,85.34,83.64,88.64,86.78
40,41,94.84,41,LEU,0.018353471,94.04,93.71,93.08,94.41,91.97,89.76,91.57,86.52,91.95,91.93,90.92,93.83,91.24,93.76,81.38,81.97,82.6,86.07,83.05
41,42,94.76,42,VAL,0.016146377,94.42,94.57,93.37,94.8,89.51,89.45,91.41,84.88,90.61,93.09,92.37,94.95,92.59,93.72,83.52,83.72,83.42,87.86,83.12
42,43,93.28,43,ARG,0.013977777,92.64,92.91,92.4,92.8,89.63,89.35,89.3,85.1,91.61,91.44,93.02,94.44,91.42,92.21,84.32,84.12,83.72,88.39,86.06
43,44,91.88,44,GLU,0.013706862,91.42,91.75,90.55,91.59,91.74,89.95,91.84,85.78,90.41,90.42,90.2,92.55,89.66,92.37,82.75,82.97,79.86,84.66,83.41
44,45,89.26,45,CYS,0.014875777,88.56,89.96,86.57,88.66,87.42,85.78,89.14,82.22,89.26,82.4,82.68,87.22,82.58,85.23,76.13,74.05,80.65,83.46,81.99
45,46,87.40,46,LEU,0.019839452,85.84,86.74,85.5,85.0,84.98,82.72,83.75,81.6,88.07,83.78,87.06,89.04,84.77,86.95,78.53,77.97,77.03,81.78,79.53
46,47,88.80,47,ALA,0.025018211,85.85,87.7,86.5,86.12,88.91,87.09,85.78,84.27,89.24,85.48,87.54,88.89,85.03,86.34,80.21,81.21,74.3,81.54,81.03
47,48,83.59,48,GLU,0.029238423,82.74,84.96,82.42,83.71,84.27,84.17,83.73,79.65,84.66,81.17,83.61,85.12,81.55,88.25,76.7,76.37,74.15,76.76,77.04
48,49,82.69,49,THR,0.032014194,80.85,81.55,80.51,81.57,80.55,78.05,77.28,73.27,83.77,75.21,77.89,81.83,74.13,82.32,70.99,72.84,72.56,75.68,72.74
49,50,84.92,50,GLU,0.042066654,81.03,83.1,80.73,80.96,86.09,80.94,83.97,79.01,82.8,72.25,77.66,82.44,73.79,75.33,73.07,71.64,75.76,80.01,80.26
50,51,84.56,51,ARG,0.059319882,83.02,82.74,80.57,81.93,84.85,84.79,80.24,82.84,83.09,71.34,78.77,77.52,70.14,69.95,72.87,68.21,74.91,78.97,76.89
51,52,80.61,52,ASN,0.071027567,77.26,80.96,75.35,77.68,82.87,79.85,74.98,81.07,83.24,67.06,71.67,73.18,65.34,68.81,68.78,64.0,69.14,73.82,72.02
52,53,78.17,53,ALA,,74.71,77.64,73.58,72.53,83.63,78.57,73.97,76.92,82.14,56.3,64.65,65.52,56.57,58.14,60.51,56.01,67.32,72.93,72.43
53,54,73.61,54,ARG,,77.22,78.63,75.51,76.68,82.59,82.02,72.24,79.42,79.16,51.1,57.04,56.76,51.33,54.9,57.27,50.74,71.24,74.29,77.95
54,55,71.84,55,SER,,66.99,65.3,61.1,61.73,75.03,70.83,60.29,65.78,68.47,46.51,53.0,58.12,48.32,52.59,48.42,42.34,61.56,62.21,61.65
55,201,81.97,201,SER,0.074553539,80.33,78.65,77.96,77.51,80.15,81.76,86.36,83.63,78.51,71.54,78.76,84.45,73.36,83.07,67.86,69.66,70.9,73.96,73.06
56,202,87.21,202,LYS,0.05904013,84.6,85.31,83.4,83.83,81.02,82.25,86.02,82.95,83.0,78.47,81.2,88.19,77.44,82.87,67.73,69.36,76.42,78.7,76.03
57,203,89.07,203,TYR,0.033106242,86.22,87.64,84.97,85.93,82.84,81.5,88.37,82.62,82.0,82.98,83.25,88.73,80.4,87.05,68.96,70.21,76.07,79.43,78.34
58,204,91.07,204,ALA,0.023931827,87.67,88.19,86.9,86.61,85.96,86.92,91.71,87.74,87.41,88.81,89.88,92.4,87.91,91.56,74.49,74.16,78.99,85.27,82.21
59,205,94.49,205,GLU,0.021391404,92.21,93.26,92.12,92.76,89.31,89.72,92.77,88.48,87.4,89.3,89.36,92.62,89.33,92.61,73.26,75.07,80.94,85.37,84.22
60,206,94.36,206,LEU,0.021967532,94.58,94.07,94.16,94.65,89.3,87.57,92.94,87.79,88.26,91.27,90.54,94.06,91.14,91.33,75.56,76.94,84.41,87.92,86.07
61,207,94.94,207,LEU,0.023373046,93.26,93.95,93.43,93.08,87.91,86.34,91.21,83.68,85.68,94.17,93.79,95.3,94.0,94.51,80.48,79.06,81.74,87.72,83.98
62,208,95.84,208,ALA,0.02382393,94.9,95.33,94.27,95.29,89.18,88.93,92.08,90.14,90.27,94.22,94.25,95.79,93.07,94.02,78.72,79.72,83.86,88.56,85.37
63,209,96.69,209,ILE,0.022271493,96.36,95.37,95.84,96.59,89.88,92.32,93.92,90.0,88.99,95.35,95.59,96.72,95.68,95.77,78.36,78.69,84.51,88.03,83.67
64,210,95.62,210,ILE,0.018988209,96.39,95.48,95.02,95.95,89.65,89.59,92.73,87.54,86.2,95.7,95.56,97.19,95.91,95.89,76.59,75.02,85.84,89.28,86.07
65,211,95.02,211,GLU,0.018709035,94.49,94.07,93.58,94.13,85.17,85.65,91.66,86.34,84.13,95.0,94.92,96.64,94.59,94.36,77.9,80.23,83.05,86.15,85.2
66,212,96.51,212,GLU,0.02071753,96.17,95.63,95.58,96.05,86.25,88.61,92.14,89.4,86.61,95.59,95.35,96.69,94.73,95.29,74.18,76.85,80.54,84.34,82.5
67,213,97.62,213,LEU,0.025738017,97.35,97.0,96.93,97.29,87.44,90.83,92.84,89.97,84.12,96.54,96.75,97.17,96.38,96.38,76.91,75.64,82.63,84.81,82.89
68,214,96.52,214,GLY,0.027490627,96.4,96.34,95.89,96.41,85.81,85.69,91.6,83.7,79.3,96.58,96.42,97.2,96.52,96.87,75.11,76.69,79.63,83.01,80.49
69,215,97.25,215,LYS,0.024542248,96.89,96.97,96.68,97.01,86.8,87.28,91.38,88.48,78.3,95.25,95.32,95.61,94.9,93.97,75.7,75.24,75.42,79.24,76.78
70,216,98.18,216,GLU,0.017118595,97.66,97.19,97.11,97.52,86.09,87.25,92.32,87.12,70.5,96.53,96.23,96.76,95.82,96.31,71.15,70.15,70.96,75.2,73.15
71,217,98.15,217,ILE,0.012012831,97.95,97.72,97.82,98.0,83.6,82.24,88.73,84.73,70.97,97.09,97.24,96.98,96.96,95.37,68.41,69.81,70.37,74.44,69.65
72,218,97.89,218,ARG,0.010184072,97.6,97.04,96.91,97.44,84.54,83.53,88.34,85.15,68.41,96.44,96.23,96.67,96.41,96.15,72.45,69.87,69.31,71.38,66.31
73,219,98.09,219,PRO,0.013066292,98.32,97.84,97.86,98.09,84.19,86.1,88.77,84.4,62.07,96.48,97.17,96.9,96.34,96.95,65.97,64.41,59.9,63.32,58.65
74,220,98.26,220,THR,0.016176816,98.36,98.14,98.03,98.4,85.17,84.12,89.78,84.07,67.92,96.64,96.42,96.34,96.87,96.75,63.57,64.6,59.95,60.38,57.51
75,221,97.77,221,TYR,0.034226277,98.22,97.71,97.55,97.94,80.51,73.29,82.68,80.25,60.45,95.72,96.67,96.77,95.75,96.18,60.96,58.15,60.85,60.27,55.48
76,222,98.33,222,ALA,0.046083121,98.06,97.46,97.77,97.96,86.32,86.69,87.44,84.5,63.29,95.63,95.67,95.93,95.56,95.96,59.57,58.24,58.41,61.13,59.46
77,223,97.80,223,GLY,0.049247169,97.03,96.32,96.3,96.91,80.8,80.86,80.67,80.15,66.54,95.52,95.52,96.19,96.46,95.56,64.21,62.22,59.76,61.81,60.93
78,224,97.89,224,SER,0.034986881,97.94,97.55,97.74,98.02,87.88,90.08,90.76,90.39,76.32,96.06,96.75,96.53,96.63,96.22,70.79,72.3,72.46,71.88,71.22
79,225,97.87,225,LYS,0.023682049,97.86,97.76,97.9,97.72,83.66,85.74,88.33,87.99,77.84,95.8,95.85,94.97,95.15,95.03,75.6,77.4,74.35,76.42,76.27
80,226,98.06,226,SER,0.020636977,98.19,97.63,98.06,98.21,90.63,92.5,92.13,91.45,86.27,96.98,96.58,97.11,96.38,96.39,82.6,82.89,78.27,78.72,76.54
81,227,97.76,227,ALA,0.019503507,97.97,97.39,97.5,97.73,88.87,89.24,91.87,89.71,85.91,97.36,97.22,97.01,97.0,97.14,83.23,84.14,74.5,76.27,76.16
82,228,97.74,228,MET,0.017915096,97.9,97.71,97.73,97.99,86.02,88.69,89.17,87.3,83.99,97.15,96.71,97.04,96.34,96.69,77.65,77.2,76.6,78.06,77.0
83,229,97.86,229,GLU,0.016911158,97.54,97.0,97.66,97.52,87.78,89.17,90.44,87.21,86.83,97.67,97.29,97.44,97.08,97.15,81.93,80.83,79.49,81.66,79.41
84,230,97.78,230,ARG,0.01638766,97.1,96.48,96.52,97.07,89.04,92.73,91.62,89.99,88.71,96.94,96.69,97.17,96.61,96.86,81.62,82.92,80.34,81.55,78.97
85,231,97.43,231,LEU,0.017120529,97.32,96.61,96.82,97.09,87.84,89.42,90.89,87.78,88.52,97.06,96.84,97.09,96.91,97.03,82.33,80.08,78.56,80.93,77.77
86,232,97.18,232,LYS,0.017339649,97.39,96.43,97.18,97.09,88.31,89.01,89.97,87.0,88.66,96.87,96.32,96.5,96.34,96.31,83.11,82.93,82.04,84.77,80.97
87,233,97.64,233,ARG,0.018237024,97.03,96.91,96.89,97.2,90.99,91.29,92.01,90.64,91.25,96.92,97.0,97.22,96.67,96.66,83.13,84.89,85.76,88.15,85.98
88,234,97.30,234,GLY,0.018249171,97.29,96.68,96.75,97.17,91.99,93.2,93.99,89.31,92.4,97.78,97.38,97.59,97.83,97.41,88.89,88.45,84.51,87.3,84.16
89,235,97.58,235,ILE,0.018190231,97.71,97.24,96.98,97.63,92.59,92.71,91.25,89.56,92.88,96.99,96.78,97.07,96.82,96.61,83.64,84.61,86.8,89.79,87.02
90,236,96.98,236,ILE,0.017698962,96.77,96.28,96.58,96.51,91.55,90.24,92.68,88.73,93.14,96.32,96.29,97.04,95.63,96.21,84.76,84.24,85.69,89.59,86.77
91,237,96.83,237,HIS,0.01776573,96.72,96.09,96.35,96.71,92.7,92.59,93.73,91.53,92.74,96.75,96.5,97.59,96.46,96.52,87.66,87.77,88.39,91.16,88.5
92,238,96.35,238,ALA,0.017121783,96.82,95.87,95.71,96.21,93.09,91.93,94.16,89.1,92.88,95.68,95.74,97.01,95.8,95.98,85.76,85.76,88.13,91.02,88.84
93,239,95.82,239,ARG,0.017947375,95.53,95.57,94.76,95.5,88.91,90.19,91.83,87.74,92.66,95.68,95.59,96.17,95.14,95.49,83.93,83.8,85.64,90.67,86.28
94,240,95.32,240,GLY,0.018527575,94.91,94.41,93.82,94.67,92.17,91.94,92.79,92.44,93.58,95.1,94.57,96.4,95.12,96.11,85.6,84.19,85.67,90.16,86.41
95,241,94.24,241,LEU,0.018353471,94.05,94.08,93.41,94.18,91.61,89.64,92.84,87.56,92.83,91.83,92.11,93.75,91.29,93.32,81.89,81.38,82.86,88.25,84.07
96,242,94.36,242,VAL,0.016146377,94.78,94.47,93.15,94.33,89.09,90.28,91.44,88.47,91.22,91.44,92.55,94.68,92.79,92.73,82.75,84.56,83.65,89.01,84.87
97,243,93.72,243,ARG,0.013977777,92.73,92.89,91.81,92.57,88.94,88.54,89.75,86.2,91.23,91.86,92.66,94.28,92.55,94.04,84.19,83.18,84.77,88.27,85.84
98,244,91.61,244,GLU,0.013706862,91.23,91.28,90.13,90.88,89.88,89.71,92.42,85.99,92.54,89.62,90.71,93.43,90.36,91.53,83.0,81.7,82.01,86.06,82.39
99,245,88.88,245,CYS,0.014875777,88.52,89.0,87.22,87.78,88.07,85.14,89.7,86.54,90.48,81.95,84.68,87.06,82.22,86.18,76.48,74.96,82.4,84.39,81.82
100,246,86.57,246,LEU,0.019839452,85.62,85.79,85.03,84.77,86.02,85.1,85.57,79.59,88.09,83.49,87.2,89.82,85.44,88.15,78.58,79.06,77.61,82.11,78.83
101,247,89.36,247,ALA,0.025018211,86.43,88.95,85.53,85.36,87.62,86.42,86.39,83.55,88.83,85.45,87.64,89.87,87.18,86.16,81.44,78.23,79.78,82.73,79.1
102,248,83.29,248,GLU,0.029238423,83.52,85.42,81.66,83.1,87.22,80.84,82.05,81.75,86.96,80.6,83.19,86.62,82.84,86.27,75.92,75.01,73.92,79.56,76.12
103,249,80.91,249,THR,0.032014194,81.36,83.89,79.2,82.04,79.42,77.41,79.24,80.89,84.29,74.01,78.27,83.02,77.5,74.19,72.11,72.22,72.03,76.78,73.98
104,250,82.22,250,GLU,0.042066654,82.25,81.33,78.62,81.64,84.22,84.13,81.55,81.37,83.0,73.31,77.3,83.08,76.18,78.19,72.26,70.74,75.53,80.05,77.68
105,251,84.29,251,ARG,0.059319882,81.78,81.28,78.9,82.31,83.54,84.02,81.43,83.79,84.74,70.68,76.11,80.88,76.35,77.9,70.3,66.43,75.53,79.29,75.19
106,252,79.48,252,ASN,0.071027567,77.51,80.51,75.64,76.4,81.77,83.34,77.25,75.27,82.61,63.06,70.94,74.66,69.99,68.37,66.26,63.59,69.82,73.99,70.18
107,253,76.99,253,ALA,,76.23,76.48,70.46,74.86,81.89,77.66,77.4,75.6,77.57,54.72,62.77,64.89,58.59,60.16,59.43,54.51,69.85,74.01,68.77
108,254,80.15,254,ARG,,77.07,80.13,78.27,79.44,84.84,82.39,74.93,82.32,79.06,49.44,54.97,56.01,53.02,46.9,53.86,47.44,74.41,75.5,74.22
109,255,63.26,255,SER,,64.37,68.01,60.37,63.2,70.57,67.07,59.87,70.01,70.59,45.81,48.45,54.72,49.51,52.19,49.28,43.9,60.65,62.23,61.97
